Title	URL	Assignees	Status	Priority	Sprint	Estimate
US-10 Schedule a workout	https://github.com/amishprasad/CAB302-ASSIGNMENT-1/issues/19	Abin071	In Review	Medium	Sprint 2	3
US-22 Set an activity reminder	https://github.com/amishprasad/CAB302-ASSIGNMENT-1/issues/31	Abin071	In Review	High	Sprint 3	3
US-23 See due reminders	https://github.com/amishprasad/CAB302-ASSIGNMENT-1/issues/32	Abin071	In Review	Medium	Sprint 3	2
US-32 Manage scheduled workout	https://github.com/amishprasad/CAB302-ASSIGNMENT-1/issues/49	Abin071	In Review	Medium		3
US-24 Help / FAQ page	https://github.com/amishprasad/CAB302-ASSIGNMENT-1/issues/33	amishprasad	Todo	Medium	Sprint 3	1
US-25 Chatbot assistant	https://github.com/amishprasad/CAB302-ASSIGNMENT-1/issues/34	amishprasad	Todo	Medium	Sprint 3	8
US-31  Settings	https://github.com/amishprasad/CAB302-ASSIGNMENT-1/issues/50	amishprasad	In Review	Medium	Sprint 4	
US-17 Daily health report	https://github.com/amishprasad/CAB302-ASSIGNMENT-1/issues/26	amishprasad	In Review	Medium	Sprint 3	3
US-30 Progress over time	https://github.com/amishprasad/CAB302-ASSIGNMENT-1/issues/48	amishprasad	In Review	Medium	Sprint 3	2
US-13 Track goal progress	https://github.com/amishprasad/CAB302-ASSIGNMENT-1/issues/22	ebinsunny123	In Progress	High	Sprint 2	3
US-11 Manage workout status	https://github.com/amishprasad/CAB302-ASSIGNMENT-1/issues/20	ebinsunny123	In Progress	Medium	Sprint 2	2
US-15 Weekly workout summary	https://github.com/amishprasad/CAB302-ASSIGNMENT-1/issues/24	ebinsunny123	Todo	High	Sprint 3	5
US-16 Progress graphs	https://github.com/amishprasad/CAB302-ASSIGNMENT-1/issues/25	ebinsunny123	Todo	High	Sprint 3	5
US-29 Dashboard Summary	https://github.com/amishprasad/CAB302-ASSIGNMENT-1/issues/47	ebinsunny123	In Progress	High	Sprint 4	2
US-01 Create an account	https://github.com/amishprasad/CAB302-ASSIGNMENT-1/issues/10	gabrielpakka-source	In Review	High	Sprint 1	3
US-02 Log in	https://github.com/amishprasad/CAB302-ASSIGNMENT-1/issues/11	gabrielpakka-source	In Review	High	Sprint 1	2
US-03 Save data between sessions	https://github.com/amishprasad/CAB302-ASSIGNMENT-1/issues/12	gabrielpakka-source	In Review	High	Sprint 1	5
US-28 Log out	https://github.com/amishprasad/CAB302-ASSIGNMENT-1/issues/45	gabrielpakka-source	In Review	High		
US-04 Create a profile	https://github.com/amishprasad/CAB302-ASSIGNMENT-1/issues/13	Helvin-shaijan	In Review	High	Sprint 1	3
US-05 View and edit my profile	https://github.com/amishprasad/CAB302-ASSIGNMENT-1/issues/14	Helvin-shaijan	In Review	High	Sprint 2	3
US-12 Set a fitness goal	https://github.com/amishprasad/CAB302-ASSIGNMENT-1/issues/21	Helvin-shaijan	In Review	High	Sprint 2	3
US-14 Mark a goal achieved	https://github.com/amishprasad/CAB302-ASSIGNMENT-1/issues/23	Helvin-shaijan	In Review	Medium	Sprint 3	2
US-06 Auto-calculate protein target	https://github.com/amishprasad/CAB302-ASSIGNMENT-1/issues/15	Jifinjoshy	In Progress	Medium	Sprint 3	3
US-19 View protein history	https://github.com/amishprasad/CAB302-ASSIGNMENT-1/issues/28	Jifinjoshy	In Progress	Low	Sprint 3	2
US-27 Injury-adaptive workouts	https://github.com/amishprasad/CAB302-ASSIGNMENT-1/issues/36	Jifinjoshy	In Progress	Low	Sprint 3	4
US-33 AI assisted meal plan	https://github.com/amishprasad/CAB302-ASSIGNMENT-1/issues/53	Jifinjoshy	Todo	High	Sprint 4	6
US-09 Add a custom exercise	https://github.com/amishprasad/CAB302-ASSIGNMENT-1/issues/18	junxi-sem2	In Progress	Medium	Sprint 3	3
US-07 Log exercises grouped by body part	https://github.com/amishprasad/CAB302-ASSIGNMENT-1/issues/16	junxi-sem2	In Progress	High	Sprint 2	5
US-08 View workout history by body part	https://github.com/amishprasad/CAB302-ASSIGNMENT-1/issues/17	junxi-sem2	In Progress	High	Sprint 2	3
US-26 Beginner-friendly routines	https://github.com/amishprasad/CAB302-ASSIGNMENT-1/issues/35	junxi-sem2	Todo	Low	Sprint 3	3